url_path,views_total,views_unique
/CBICA/spare_score,19,4
/CBICA/spare_score/tree/main/spare_scores,10,1
/CBICA/spare_score/blob/main/spare_scores/mlp_torch.py,4,1
/CBICA/spare_score/blob/main/spare_scores/util.py,3,1
/CBICA/spare_score/blob/main/spare_scores/svm.py,2,1
/CBICA/spare_score/tree/spiros-dev,2,1
/CBICA/spare_score/blob/7f2fe05ec2aa360560aa39c28c32d58d1b1b8422/spare_scores/mlp.py,1,1
/CBICA/spare_score/blob/7f2fe05ec2aa360560aa39c28c32d58d1b1b8422/spare_scores/mlp_torch.py,1,1
/CBICA/spare_score/blob/7f2fe05ec2aa360560aa39c28c32d58d1b1b8422/spare_scores/spare.py,1,1
/CBICA/spare_score/blob/main/LICENSE,1,1
